Status,Date,Description,Amount,Member Name
Cleared,10/13/25,PAYMENT THANK YOU,,PAVAN TIPPARAJU
Cleared,10/9/25,WL *VUE*Testing Exam 953-6813000 MN,150,SWETHA TIPPARAJU
Cleared,10/7/25,PP*SPOTIFY*P3B49D12E6 402-935-7733 NY,5.99,
Cleared,10/6/25,COSTCO WHSE #0371 BLOOMINGDALE IL,56.57,PAVAN TIPPARAJU
Cleared,10/4/25,STUDY.COM * STUDY.COM STUDY.COM CA,59.99,SWETHA TIPPARAJU
Cleared,10/2/25,PAYPAL *PEACOCKTVLL C1C7D402-935-7733 NY,29.99,
Cleared,9/27/25,COSTCO WHSE #0371 BLOOMINGDALE IL,94.38,PAVAN TIPPARAJU
Cleared,9/27/25,COSTCO GAS #0371 BLOOMINGDALE IL,29.3,PAVAN TIPPARAJU
Cleared,9/27/25,PAYPAL *OLD NAVY 402-935-7733 NM,45.1,
Cleared,9/26/25,PATEL BROTHERS OF SCHAUMBSCHAUMBURG IL,64.53,SWETHA TIPPARAJU
Cleared,9/23/25,SHS*DUPAGEMEDGRP 630-469-9200 IL,106.96,SWETHA TIPPARAJU
Cleared,9/21/25,COSTCO WHSE #0371 BLOOMINGDALE IL,72.68,PAVAN TIPPARAJU
Cleared,9/20/25,ANDY'S - SCHAUMBURG SCHAUMBURG IL,12.97,SWETHA TIPPARAJU
Cleared,9/20/25,"240 TUTORING, INC 240TUTORING.CTX",25,SWETHA TIPPARAJU
Cleared,9/18/25,TST* ANNAPURNA SIMPLY VEGHOFFMAN ESTATIL,14.99,SWETHA TIPPARAJU
Cleared,9/12/25,STAR FOODS SCHAUMBURG IL,7.32,PAVAN TIPPARAJU
Cleared,9/12/25,ALDI 40025 BLOOMINGDALE IL,15.76,PAVAN TIPPARAJU
Cleared,9/12/25,COSTCO WHSE #0371 BLOOMINGDALE IL,93.64,PAVAN TIPPARAJU
Cleared,9/10/25,"ONLINE PAYMENT, THANK YOU",,PAVAN TIPPARAJU
Cleared,9/10/25,PAYPAL *SUPERPROF 35314369001 FR,49,
Cleared,9/7/25,PP*SPOTIFY*P3A53552B0 402-935-7733 NY,5.99,
Cleared,9/6/25,THE HOME DEPOT #6701 ELK GROVE VLGIL,125.28,PAVAN TIPPARAJU
Cleared,9/5/25,COSTCO GAS #0371 BLOOMINGDALE IL,31.86,PAVAN TIPPARAJU
Cleared,9/5/25,COSTCO WHSE #0371 BLOOMINGDALE IL,136.48,PAVAN TIPPARAJU
Cleared,9/4/25,COSTCO WHSE #0387 SCHAUMBURG IL,62.28,PAVAN TIPPARAJU
Cleared,9/4/25,STUDY.COM * STUDY.COM STUDY.COM CA,59.99,SWETHA TIPPARAJU
Cleared,8/28/25,COSTCO WHSE #0371 BLOOMINGDALE IL,77.43,PAVAN TIPPARAJU
Cleared,8/23/25,WINGSTOP 1742 HOFFMAN ESTATIL,19.25,SWETHA TIPPARAJU
Cleared,8/23/25,PATEL BROTHERS OF SCHAUMBSCHAUMBURG IL,95.78,SWETHA TIPPARAJU
Cleared,8/22/25,COSTCO WHSE #0371 BLOOMINGDALE IL,83.71,PAVAN TIPPARAJU
Cleared,8/22/25,SHS*DUPAGEMEDGRP 630-469-9200 IL,231.49,SWETHA TIPPARAJU
Cleared,8/20/25,COSTCO GAS #0371 BLOOMINGDALE IL,31.74,PAVAN TIPPARAJU
Cleared,8/20/25,"240 TUTORING, INC 240TUTORING.CTX",25,SWETHA TIPPARAJU
Cleared,8/17/25,COSTCO WHSE #0371 BLOOMINGDALE IL,,PAVAN TIPPARAJU
Cleared,8/17/25,COSTCO WHSE #0371 BLOOMINGDALE IL,59.04,PAVAN TIPPARAJU
Cleared,8/17/25,ALDI 40017 ELK GROVE VLGIL,41.93,SWETHA TIPPARAJU
Cleared,8/16/25,BATH AND BODY WORKS 4816 BLOOMINGDALE IL,41.87,SWETHA TIPPARAJU
Cleared,8/15/25,COSTCO WHSE #0371 BLOOMINGDALE IL,108.29,PAVAN TIPPARAJU
Cleared,8/11/25,PAYPAL *OLD NAVY 402-935-7733 NM,,PAVAN TIPPARAJU
Cleared,8/9/25,"ONLINE PAYMENT, THANK YOU",,PAVAN TIPPARAJU
Cleared,8/9/25,COSTCO WHSE #0371 BLOOMINGDALE IL,49.47,PAVAN TIPPARAJU
Cleared,8/9/25,COSTCO WHSE #0371 BLOOMINGDALE IL,124.07,PAVAN TIPPARAJU
Cleared,8/8/25,PAYPAL *PEACOCKTVLL CF081402-935-7733 NY,3.99,
Cleared,8/7/25,PP*SPOTIFY*P3954F77F5 402-935-7733 NY,5.99,
Cleared,8/6/25,TULSI GROCERS SCHAUMBURG IL,9.18,SWETHA TIPPARAJU
Cleared,8/6/25,PATEL BROTHERS OF SCHAUMBSCHAUMBURG IL,108.2,SWETHA TIPPARAJU
Cleared,8/6/25,VIVEK FLOWERS SCHAUMBURG SCHAUMBURG IL,19.8,SWETHA TIPPARAJU
Cleared,8/5/25,WAL-MART #1897 ELK GROVE VILIL,35.87,SWETHA TIPPARAJU
Cleared,8/5/25,ROSS STORES #2129 ELK GROVE VLGIL,37.37,SWETHA TIPPARAJU
Cleared,8/4/25,COSTCO WHSE #0371 BLOOMINGDALE IL,119.01,PAVAN TIPPARAJU
Cleared,8/4/25,STUDY.COM * STUDY.COM STUDY.COM CA,59.99,SWETHA TIPPARAJU
Cleared,7/31/25,Nyx*NAYAX COPY SERVICES HUNT VALLEY MD,8.5,PAVAN TIPPARAJU
Cleared,7/25/25,COSTCO WHSE #0371 BLOOMINGDALE IL,127.85,PAVAN TIPPARAJU
Cleared,7/24/25,PAYPAL *OLD NAVY 402-935-7733 NM,96.8,
Cleared,7/21/25,Nyx*NAYAX COPY SERVICES HUNT VALLEY MD,6,PAVAN TIPPARAJU
Cleared,7/20/25,"240 TUTORING, INC 240TUTORING.CTX",25,SWETHA TIPPARAJU
Cleared,7/17/25,COSTCO GAS #0371 BLOOMINGDALE IL,30.69,PAVAN TIPPARAJU
Cleared,7/17/25,COSTCO WHSE #0371 BLOOMINGDALE IL,75.88,PAVAN TIPPARAJU
Cleared,7/16/25,PATEL BROTHERS OF SCHAUMBSCHAUMBURG IL,63.24,SWETHA TIPPARAJU
Cleared,7/16/25,WL *VUE*Testing Exam 953-6813000 MN,150,SWETHA TIPPARAJU
Cleared,7/13/25,ELK GROVE PARK DISTRICT ELK GROVE VILIL,24,SWETHA TIPPARAJU
Cleared,7/10/25,"ONLINE PAYMENT, THANK YOU",,PAVAN TIPPARAJU
Cleared,7/10/25,COSTCO WHSE #0371 BLOOMINGDALE IL,101.04,PAVAN TIPPARAJU
Cleared,7/10/25,COSTCO WHSE #0371 BLOOMINGDALE IL,112.25,PAVAN TIPPARAJU
Cleared,7/8/25,PAYPAL *PEACOCKTVLL DC7A0402-935-7733 NY,3.99,
Cleared,7/7/25,PP*SPOTIFY*P3862CD338 402-935-7733 NY,5.99,
Cleared,7/7/25,DANNY M DAVID OD AND ASSOSCHAUMBURG IL,60,SWETHA TIPPARAJU
Cleared,7/4/25,STUDY.COM * STUDY.COM STUDY.COM CA,59.99,SWETHA TIPPARAJU
Cleared,7/2/25,COSTCO WHSE #0371 BLOOMINGDALE IL,10.7,PAVAN TIPPARAJU
Cleared,7/2/25,COSTCO WHSE #0371 BLOOMINGDALE IL,47.21,PAVAN TIPPARAJU
Cleared,6/27/25,EYE BOUTIQUE 700 SCHAUMBURG IL,20,SWETHA TIPPARAJU
Cleared,6/27/25,EYE BOUTIQUE 700 SCHAUMBURG IL,59.5,SWETHA TIPPARAJU
Cleared,6/26/25,COSTCO WHSE #0371 BLOOMINGDALE IL,92.41,PAVAN TIPPARAJU
Cleared,6/25/25,PATEL BROTHERS OF SCHAUMBSCHAUMBURG IL,132.96,SWETHA TIPPARAJU
Cleared,6/20/25,"240 TUTORING, INC 240TUTORING.CTX",25,SWETHA TIPPARAJU
Cleared,6/19/25,COSTCO WHSE #0371 BLOOMINGDALE IL,61.08,PAVAN TIPPARAJU
Cleared,6/17/25,INTEREST CHARGED TO STANDARD PURCH,55.87,PAVAN TIPPARAJU
Cleared,6/16/25,PATEL BROTHERS OF SCHAUMBSCHAUMBURG IL,17.35,PAVAN TIPPARAJU
Cleared,6/16/25,INDIACO HOFFMAN ESTATIL,18.37,PAVAN TIPPARAJU
Cleared,6/16/25,BINNYS BEVERAGE DEPOT 017SCHAUMBURG IL,27.37,PAVAN TIPPARAJU
Cleared,6/14/25,JEWEL OSCO 4308 SCHAUMBURG IL,11.24,SWETHA TIPPARAJU
Cleared,6/14/25,INDIACO HOFFMAN ESTATIL,39.59,SWETHA TIPPARAJU
Cleared,6/13/25,TARGET 00008805 SCHAUMBURG IL,,SWETHA TIPPARAJU
Cleared,6/13/25,TARGET 00008805 SCHAUMBURG IL,51.89,SWETHA TIPPARAJU
Cleared,6/13/25,Aveda Woodfield Schaumburg IL,30.82,SWETHA TIPPARAJU
Cleared,6/12/25,COSTCO WHSE #0371 BLOOMINGDALE IL,,PAVAN TIPPARAJU
Cleared,6/12/25,COSTCO GAS #0371 BLOOMINGDALE IL,22.1,PAVAN TIPPARAJU
Cleared,6/12/25,COSTCO WHSE #0371 BLOOMINGDALE IL,117.98,PAVAN TIPPARAJU
Cleared,6/9/25,Microsoft-G096310984 701-2817490 WA,10.17,
Cleared,6/9/25,JEWEL OSCO 4308 SCHAUMBURG IL,22.23,SWETHA TIPPARAJU
Cleared,6/8/25,PAYPAL *PEACOCKTVLL F5933402-935-7733 NY,3.99,
Cleared,6/7/25,PP*SPOTIFY*P377F1BC0A 402-935-7733 NY,5.99,
Cleared,6/5/25,PAYPAL *DISNEY PLUS 402-935-7733 CA,7,
Cleared,6/4/25,"ONLINE PAYMENT, THANK YOU",,PAVAN TIPPARAJU
Cleared,6/4/25,COSTCO WHSE #0371 BLOOMINGDALE IL,73.23,PAVAN TIPPARAJU
Cleared,6/3/25,WALGREENS #12623 SCHAUMBURG IL,11.12,SWETHA TIPPARAJU
Cleared,6/2/25,STUDY.COM * STUDY.COM STUDY.COM CA,59.99,SWETHA TIPPARAJU
Cleared,5/30/25,BARNES & NOBLE #3333 SCHAUMBURG IL,11,SWETHA TIPPARAJU
Cleared,5/30/25,COSTCO WHSE #0387 SCHAUMBURG IL,2.23,SWETHA TIPPARAJU
Cleared,5/30/25,COSTCO WHSE #0387 SCHAUMBURG IL,110.91,SWETHA TIPPARAJU
Cleared,5/29/25,UDEMY: ONLINE COURSES UDEMY.COM CA,9.99,PAVAN TIPPARAJU
Cleared,5/26/25,PATEL BROTHERS OF SCHAUMBSCHAUMBURG IL,66.16,SWETHA TIPPARAJU
Cleared,5/25/25,Nyx*NAYAX COPY SERVICES HUNT VALLEY MD,0.1,PAVAN TIPPARAJU
Cleared,5/25/25,Nyx*NAYAX COPY SERVICES HUNT VALLEY MD,0.2,PAVAN TIPPARAJU
Cleared,5/24/25,WALGREENS #12623 SCHAUMBURG IL,10.21,PAVAN TIPPARAJU
Cleared,5/23/25,COSTCO WHSE #0387 SCHAUMBURG IL,51.75,PAVAN TIPPARAJU
Cleared,5/22/25,TST* ANNAPURNA SIMPLY VEGHOFFMAN ESTATIL,16.71,SWETHA TIPPARAJU
Cleared,5/21/25,MUSIC&ARTS.COM 888-731-5396 MD,58.3,PAVAN TIPPARAJU
Cleared,5/21/25,JEWEL OSCO 4308 SCHAUMBURG IL,10.99,SWETHA TIPPARAJU
Cleared,5/20/25,Nyx*NAYAX COPY SERVICES HUNT VALLEY MD,0.1,PAVAN TIPPARAJU
Cleared,5/18/25,COSTCO GAS #0387 SCHAUMBURG IL,28.06,PAVAN TIPPARAJU
Cleared,5/17/25,INDIACO HOFFMAN ESTATIL,24.21,SWETHA TIPPARAJU
Cleared,5/16/25,PLAN FEE - CITI FLEX PLAN 04,9.66,PAVAN TIPPARAJU
Cleared,5/16/25,INTEREST CHARGED TO STANDARD PURCH,76.11,PAVAN TIPPARAJU
Cleared,5/15/25,PAYPAL *HOME DEPOT 402-935-7733 GA,54.97,
Cleared,5/15/25,COSTCO WHSE #0371 BLOOMINGDALE IL,69.19,PAVAN TIPPARAJU
Cleared,5/11/25,"ONLINE PAYMENT, THANK YOU",,PAVAN TIPPARAJU
Cleared,5/11/25,Nyx*NAYAX COPY SERVICES HUNT VALLEY MD,0.1,PAVAN TIPPARAJU
Cleared,5/9/25,PAYPAL *ROBLOX CORPORA 8888582569 CA,9.99,
Cleared,5/9/25,Microsoft-G091687229 701-2817490 WA,21.52,
Cleared,5/8/25,COSTCO *ANNUAL RENEWAL 800-774-2678 WA,130,PAVAN TIPPARAJU
Cleared,5/8/25,COSTCO WHSE #0371 BLOOMINGDALE IL,25.21,PAVAN TIPPARAJU
Cleared,5/8/25,COSTCO GAS #0371 BLOOMINGDALE IL,26.28,PAVAN TIPPARAJU
Cleared,5/8/25,PATEL BROTHERS OF SCHAUMBSCHAUMBURG IL,104.34,SWETHA TIPPARAJU
Cleared,5/8/25,WAL-MART #1897 ELK GROVE VILIL,4.92,SWETHA TIPPARAJU
Cleared,5/8/25,ALDI 40063 HOFFMAN ESTATIL,7.44,SWETHA TIPPARAJU
Cleared,5/8/25,VIVEK FLOWERS SCHAUMBURG SCHAUMBURG IL,56.09,SWETHA TIPPARAJU
Cleared,5/8/25,AMBICA FOOD BLOOMINGDALE IL,17.34,SWETHA TIPPARAJU
Cleared,5/8/25,INDIACO HOFFMAN ESTATIL,9.78,SWETHA TIPPARAJU
Cleared,5/7/25,PP*P3695B08CB 402-935-7733 NY,5.99,
Cleared,5/6/25,COSTCO WHSE #0371 BLOOMINGDALE IL,109.63,PAVAN TIPPARAJU
Cleared,5/6/25,SQ *BEAUTY BAR Schaumburg IL,35,SWETHA TIPPARAJU
Cleared,5/4/25,Nyx*NAYAX COPY SERVICES HUNT VALLEY MD,0.1,PAVAN TIPPARAJU
Cleared,5/4/25,COSTCO WHSE #0387 SCHAUMBURG IL,94.04,PAVAN TIPPARAJU
Cleared,5/1/25,COSTCO WHSE #0371 BLOOMINGDALE IL,112.48,PAVAN TIPPARAJU
Cleared,4/27/25,Nyx*NAYAX COPY SERVICES HUNT VALLEY MD,0.2,PAVAN TIPPARAJU
Cleared,4/26/25,ALDI 40017 ELK GROVE VLGIL,38.22,SWETHA TIPPARAJU
Cleared,4/25/25,COSTCO WHSE #0371 BLOOMINGDALE IL,67.29,PAVAN TIPPARAJU
Cleared,4/24/25,COSTCO GAS #0387 SCHAUMBURG IL,38.57,PAVAN TIPPARAJU
Cleared,4/22/25,WM SUPERCENTER #1897 ELK GROVE VILIL,,SWETHA TIPPARAJU
Cleared,4/21/25,MUSIC&ARTS.COM 888-731-5396 MD,58.3,PAVAN TIPPARAJU
Cleared,4/20/25,STAPLES 00116301 ELK GROVE VILIL,0.64,PAVAN TIPPARAJU
Cleared,4/20/25,JEWEL OSCO 4308 SCHAUMBURG IL,38.57,PAVAN TIPPARAJU
Cleared,4/19/25,COSTCO WHSE #0387 SCHAUMBURG IL,45.85,PAVAN TIPPARAJU
Cleared,4/18/25,WAL-MART #1897 ELK GROVE VILIL,58.11,SWETHA TIPPARAJU
Cleared,4/16/25,2102 GREAT CLIPS AT NANTUSCHAUMBURG IL,24,PAVAN TIPPARAJU
Cleared,4/16/25,JEWEL OSCO 4308 SCHAUMBURG IL,9.7,PAVAN TIPPARAJU
Cleared,4/16/25,PLAN FEE - CITI FLEX PLAN 04,9.66,PAVAN TIPPARAJU
Cleared,4/16/25,INTEREST CHARGED TO STANDARD PURCH,68.47,PAVAN TIPPARAJU
Cleared,4/14/25,MCDONALD'S F12785 CHICAGO IL,11.61,SWETHA TIPPARAJU
Cleared,4/14/25,LOT D PAY ON FOOT CHICAGO IL,6,SWETHA TIPPARAJU
Cleared,4/14/25,LOT D PAY ON FOOT CHICAGO IL,6,SWETHA TIPPARAJU
Cleared,4/12/25,COSTCO WHSE #0371 BLOOMINGDALE IL,103.2,PAVAN TIPPARAJU
Cleared,4/12/25,DOLLARTREE SCHAUMBURG IL,17.88,SWETHA TIPPARAJU
Cleared,4/12/25,SQ *BEAUTY BAR Schaumburg IL,35,SWETHA TIPPARAJU
Cleared,4/11/25,PAYPAL *UDEMY 888-838-5432 CA,12.99,
Cleared,4/11/25,ROSELLE ACE HARDWARE ROSELLE IL,22.03,PAVAN TIPPARAJU
Cleared,4/10/25,"ONLINE PAYMENT, THANK YOU",,PAVAN TIPPARAJU
Cleared,4/9/25,Microsoft-G086574888 701-2817490 WA,13.89,
Cleared,4/9/25,COSTCO WHSE #0371 BLOOMINGDALE IL,27.37,PAVAN TIPPARAJU
Cleared,4/7/25,PP*P35AA298C0 402-935-7733 NY,5.99,
Cleared,4/6/25,COSTCO WHSE #0371 BLOOMINGDALE IL,,PAVAN TIPPARAJU
Cleared,4/6/25,COSTCO WHSE #0371 BLOOMINGDALE IL,111.29,PAVAN TIPPARAJU
Cleared,4/1/25,EXXAT PRISM WWW.EXXAT.COMNJ,100,SWETHA TIPPARAJU
Cleared,3/31/25,COSTCO GAS #0387 SCHAUMBURG IL,32.19,SWETHA TIPPARAJU
Cleared,3/31/25,COSTCO WHSE #0387 SCHAUMBURG IL,70.53,SWETHA TIPPARAJU
Cleared,3/28/25,PATEL BROTHERS OF SCHAUMBSCHAUMBURG IL,85.63,SWETHA TIPPARAJU
Cleared,3/23/25,PAYPAL *VIATOR-TRIP IT-16402-935-7733 CA,216,
Cleared,3/21/25,COSTCO WHSE #0371 BLOOMINGDALE IL,66.56,PAVAN TIPPARAJU
Cleared,3/21/25,MUSIC&ARTS.COM 888-731-5396 MD,58.3,PAVAN TIPPARAJU
Cleared,3/19/25,U OF I TRANSCRIPT FEE 3129968574 IL,8,SWETHA TIPPARAJU
Cleared,3/19/25,WL *VUE*Testing Exam 953-6813000 MN,150,SWETHA TIPPARAJU
Cleared,3/18/25,Nyx*NAYAX COPY SERVICES HUNT VALLEY MD,0.5,PAVAN TIPPARAJU
Cleared,3/18/25,NIC*-DOE FLDOE BEC EGOV.COM FL,225,SWETHA TIPPARAJU
Cleared,3/18/25,UNIVERSITY OF WEST FL 800-3398131 FL,30,SWETHA TIPPARAJU
Cleared,3/18/25,PLAN FEE - CITI FLEX PLAN 04,9.66,PAVAN TIPPARAJU
Cleared,3/18/25,INTEREST CHARGED TO STANDARD PURCH,50.58,PAVAN TIPPARAJU
Cleared,3/15/25,SQ *JAY BEAUTY SCHAUMBURG IL,35,SWETHA TIPPARAJU
Cleared,3/13/25,TULSI GROCERS SCHAUMBURG IL,7.15,PAVAN TIPPARAJU
Cleared,3/12/25,COSTCO WHSE #0371 BLOOMINGDALE IL,98.37,PAVAN TIPPARAJU
Cleared,3/11/25,"ONLINE PAYMENT, THANK YOU",,PAVAN TIPPARAJU
Cleared,3/11/25,PATEL BROTHERS OF SCHAUMBSCHAUMBURG IL,118.92,SWETHA TIPPARAJU
Cleared,3/7/25,PP*P34B9E0B01 402-935-7733 NY,5.99,
Cleared,3/5/25,COSTCO WHSE #0371 BLOOMINGDALE IL,10.16,PAVAN TIPPARAJU
Cleared,3/3/25,COSTCO GAS #0387 SCHAUMBURG IL,29.96,PAVAN TIPPARAJU
Cleared,3/3/25,COSTCO WHSE #0387 SCHAUMBURG IL,53.36,PAVAN TIPPARAJU
Cleared,2/27/25,PAYPAL *PARAMNTPLUS 402-935-7733 CA,12.99,
Cleared,2/24/25,COSTCO WHSE #0371 BLOOMINGDALE IL,128.09,PAVAN TIPPARAJU
Cleared,2/23/25,ALDI 40017 ELK GROVE IL,51.03,SWETHA TIPPARAJU
Cleared,2/23/25,JEWEL OSCO 4308 SCHAUMBURG IL,64.13,SWETHA TIPPARAJU
Cleared,2/21/25,MUSIC&ARTS.COM 888-731-5396 MD,58.3,PAVAN TIPPARAJU
Cleared,2/19/25,U OF I TRANSCRIPT FEE 3129968574 IL,8,SWETHA TIPPARAJU
Cleared,2/18/25,PATEL BROTHERS OF SCHAUMBSCHAUMBURG IL,95.22,SWETHA TIPPARAJU
Cleared,2/18/25,PLAN FEE - CITI FLEX PLAN 04,9.66,PAVAN TIPPARAJU
Cleared,2/18/25,INTEREST CHARGED TO STANDARD PURCH,33.61,PAVAN TIPPARAJU
Cleared,2/17/25,PAYPAL *HINDUTEMPLE SAN JOSE IL,251,
Cleared,2/17/25,COSTCO WHSE #0371 BLOOMINGDALE IL,100.55,PAVAN TIPPARAJU
Cleared,2/15/25,COSTCO GAS #0371 BLOOMINGDALE IL,22.94,PAVAN TIPPARAJU
Cleared,2/15/25,SQ *JAY BEAUTY SCHAUMBURG IL,35,SWETHA TIPPARAJU
Cleared,2/12/25,"ONLINE PAYMENT, THANK YOU",,PAVAN TIPPARAJU
Cleared,2/9/25,COSTCO GAS #0371 BLOOMINGDALE IL,34.8,SWETHA TIPPARAJU
Cleared,2/7/25,PP*P33E1C450A 402-935-7733 NY,5.99,
Cleared,2/7/25,COSTCO WHSE #0371 BLOOMINGDALE IL,109.64,SWETHA TIPPARAJU
Cleared,2/6/25,WALGREENS #12623 SCHAUMBURG IL,6.99,SWETHA TIPPARAJU
Cleared,2/4/25,PAYPAL *PHDATHLETIC 402-935-7733 CA,200,
Cleared,2/3/25,COSTCO GAS #0371 BLOOMINGDALE IL,28.39,PAVAN TIPPARAJU
Cleared,2/2/25,HERFF JONES 888-813-1347 IN,116.83,PAVAN TIPPARAJU
Cleared,1/31/25,COSTCO WHSE #0371 BLOOMINGDALE IL,,PAVAN TIPPARAJU
Cleared,1/31/25,TULSI GROCERS SCHAUMBURG IL,32.13,PAVAN TIPPARAJU
Cleared,1/31/25,COSTCO WHSE #0371 BLOOMINGDALE IL,64.44,PAVAN TIPPARAJU
Cleared,1/28/25,PAYPAL *PARAMNTPLUS 402-935-7733 CA,12.99,
Cleared,1/27/25,PATEL BROTHERS OF SCHAUMBSCHAUMBURG IL,128.87,SWETHA TIPPARAJU
Cleared,1/25/25,OPENAI *CHATGPT SUBSCR OPENAI.COM CA,20,PAVAN TIPPARAJU
Cleared,1/23/25,COSTCO WHSE #0371 BLOOMINGDALE IL,87.78,PAVAN TIPPARAJU
Cleared,1/22/25,PAYPAL *PEACOCKTVLL D7443402-935-7733 NY,7.99,
Cleared,1/22/25,COSTCO GAS #0387 SCHAUMBURG IL,28.44,PAVAN TIPPARAJU
Cleared,1/21/25,MUSIC&ARTS.COM 888-731-5396 MD,58.3,PAVAN TIPPARAJU
Cleared,1/17/25,WAL-MART #1897 ELK GROVE VILIL,9.57,SWETHA TIPPARAJU
Cleared,1/17/25,ROE 05 NORTH COOK ISC WWW.ISBE.NET IL,61.35,SWETHA TIPPARAJU
Cleared,1/17/25,ROSS STORES #2129 ELK GROVE VLGIL,18.69,SWETHA TIPPARAJU
Cleared,1/16/25,COSTCO WHSE #0371 BLOOMINGDALE IL,,PAVAN TIPPARAJU
Cleared,1/16/25,COSTCO GAS #0371 BLOOMINGDALE IL,31.04,PAVAN TIPPARAJU
Cleared,1/16/25,COSTCO WHSE #0371 BLOOMINGDALE IL,90.12,SWETHA TIPPARAJU
Cleared,1/16/25,PLAN FEE - CITI FLEX PLAN 04,9.66,PAVAN TIPPARAJU
Cleared,1/13/25,THE HOME DEPOT #6701 ELK GROVE VLGIL,,PAVAN TIPPARAJU
Cleared,1/13/25,PARCHMENT-UNIV DOCS 480-719-1646 AZ,8,SWETHA TIPPARAJU
Cleared,1/13/25,PARCHMENT-UNIV DOCS 480-719-1646 AZ,8,SWETHA TIPPARAJU
Cleared,1/13/25,PARCHMENT-UNIV DOCS 480-719-1646 AZ,45,SWETHA TIPPARAJU
Cleared,1/12/25,IKEA 469323001 888-434-4532 MD,,PAVAN TIPPARAJU
Cleared,1/12/25,THE HOME DEPOT #6701 ELK GROVE VLGIL,121.35,PAVAN TIPPARAJU
Cleared,1/11/25,IKEA 469323001 888-434-4532 MD,16.49,PAVAN TIPPARAJU
Cleared,1/8/25,COSTCO GAS #0371 BLOOMINGDALE IL,18.23,PAVAN TIPPARAJU
Cleared,1/8/25,COSTCO WHSE #0371 BLOOMINGDALE IL,75.5,PAVAN TIPPARAJU
Cleared,1/7/25,PP*P330C9DE2C 402-935-7733 NY,5.99,
Cleared,1/6/25,"ONLINE PAYMENT, THANK YOU",,PAVAN TIPPARAJU
Cleared,1/4/25,ALDI 40017 ELK GROVE IL,55.65,SWETHA TIPPARAJU
Cleared,1/3/25,COSTCO GAS #0387 SCHAUMBURG IL,29.44,PAVAN TIPPARAJU
Cleared,1/2/25,TL* TLGOEBBERTS FARM A TICKETLEAP.COPA,36.61,PAVAN TIPPARAJU